submodel,bandai,operator_en,operator_jp,special_formation,special_livery,category_path_json,category_path
,,,,,,"[""C57 steam locomotives"", ""C57 steam locomotives (Hokkaido)""]","['C57 steam locomotives', 'C57 steam locomotives (Hokkaido)']"
,,,,,,"[""C57 steam locomotives"", ""C57 steam locomotives by number"", ""C57 100 steam locomotive""]","['C57 steam locomotives', 'C57 steam locomotives by number', 'C57 100 steam locomotive']"
,,,,,,"[""C57 steam locomotives"", ""C57 steam locomotives by number"", ""C57 11 steam locomotive""]","['C57 steam locomotives', 'C57 steam locomotives by number', 'C57 11 steam locomotive']"
,,,,,,"[""C57 steam locomotives"", ""C57 steam locomotives by number"", ""C57 110 steam locomotive""]","['C57 steam locomotives', 'C57 steam locomotives by number', 'C57 110 steam locomotive']"
,,,,,,"[""C57 steam locomotives"", ""C57 steam locomotives by number"", ""C57 119 steam locomotive""]","['C57 steam locomotives', 'C57 steam locomotives by number', 'C57 119 steam locomotive']"
,,,,,,"[""C57 steam locomotives"", ""C57 steam locomotives by number"", ""C57 124 steam locomotive""]","['C57 steam locomotives', 'C57 steam locomotives by number', 'C57 124 steam locomotive']"
,,,,,,"[""C57 steam locomotives"", ""C57 steam locomotives by number"", ""C57 128 steam locomotive""]","['C57 steam locomotives', 'C57 steam locomotives by number', 'C57 128 steam locomotive']"
,,,,,,"[""C57 steam locomotives"", ""C57 steam locomotives by number"", ""C57 129 steam locomotive""]","['C57 steam locomotives', 'C57 steam locomotives by number', 'C57 129 steam locomotive']"
,,,,,,"[""C57 steam locomotives"", ""C57 steam locomotives by number"", ""C57 135 steam locomotive"", ""C57 135 steam locomotive at the Railway Museum (Japan)""]","['C57 steam locomotives', 'C57 steam locomotives by number', 'C57 135 steam locomotive', 'C57 135 steam locomotive at the Railway Museum (Japan)']"
,,,,,,"[""C57 steam locomotives"", ""C57 steam locomotives by number"", ""C57 135 steam locomotive""]","['C57 steam locomotives', 'C57 steam locomotives by number', 'C57 135 steam locomotive']"
,,,,,,"[""C57 steam locomotives"", ""C57 steam locomotives by number"", ""C57 139 steam locomotive""]","['C57 steam locomotives', 'C57 steam locomotives by number', 'C57 139 steam locomotive']"
,,,,,,"[""C57 steam locomotives"", ""C57 steam locomotives by number"", ""C57 144 steam locomotive""]","['C57 steam locomotives', 'C57 steam locomotives by number', 'C57 144 steam locomotive']"
,,,,,,"[""C57 steam locomotives"", ""C57 steam locomotives by number"", ""C57 148 steam locomotive""]","['C57 steam locomotives', 'C57 steam locomotives by number', 'C57 148 steam locomotive']"
,,,,,,"[""C57 steam locomotives"", ""C57 steam locomotives by number"", ""C57 151 steam locomotive""]","['C57 steam locomotives', 'C57 steam locomotives by number', 'C57 151 steam locomotive']"
,,,,,,"[""C57 steam locomotives"", ""C57 steam locomotives by number"", ""C57 155 steam locomotive"", ""From Steam Locomotives to Shinkansen""]","['C57 steam locomotives', 'C57 steam locomotives by number', 'C57 155 steam locomotive', 'From Steam Locomotives to Shinkansen']"
C57,,,,,,"[""C57 steam locomotives"", ""C57 steam locomotives by number"", ""C57 156 steam locomotive""]","['C57 steam locomotives', 'C57 steam locomotives by number', 'C57 156 steam locomotive']"
C57,,,,,,"[""C57 steam locomotives"", ""C57 steam locomotives by number"", ""C57 160 steam locomotive""]","['C57 steam locomotives', 'C57 steam locomotives by number', 'C57 160 steam locomotive']"
C57,,,,,,"[""C57 steam locomotives"", ""C57 steam locomotives by number"", ""C57 165 steam locomotive""]","['C57 steam locomotives', 'C57 steam locomotives by number', 'C57 165 steam locomotive']"
C57,,,,,,"[""C57 steam locomotives"", ""C57 steam locomotives by number"", ""C57 175 steam locomotive""]","['C57 steam locomotives', 'C57 steam locomotives by number', 'C57 175 steam locomotive']"
C57,,,,,,"[""C57 steam locomotives"", ""C57 steam locomotives by number"", ""C57 186 steam locomotive"", ""C57 186 steam locomotive at Koganei Park""]","['C57 steam locomotives', 'C57 steam locomotives by number', 'C57 186 steam locomotive', 'C57 186 steam locomotive at Koganei Park']"
,,,,,,"[""C57 steam locomotives"", ""C57 steam locomotives by number"", ""C57 189 steam locomotive""]","['C57 steam locomotives', 'C57 steam locomotives by number', 'C57 189 steam locomotive']"
,,,,,,"[""C57 steam locomotives"", ""C57 steam locomotives by number"", ""C57 19 steam locomotive""]","['C57 steam locomotives', 'C57 steam locomotives by number', 'C57 19 steam locomotive']"
,,,,,,"[""C57 steam locomotives"", ""C57 steam locomotives by number"", ""C57 201 steam locomotive""]","['C57 steam locomotives', 'C57 steam locomotives by number', 'C57 201 steam locomotive']"
,,,,,,"[""C57 steam locomotives"", ""C57 steam locomotives by number"", ""C57 26 steam locomotive""]","['C57 steam locomotives', 'C57 steam locomotives by number', 'C57 26 steam locomotive']"
,,,,,,"[""C57 steam locomotives"", ""C57 steam locomotives by number"", ""C57 38 steam locomotive""]","['C57 steam locomotives', 'C57 steam locomotives by number', 'C57 38 steam locomotive']"
C57,,,,,,"[""C57 steam locomotives"", ""C57 steam locomotives by number"", ""C57 43 steam locomotive"", ""Wheels of C57 43 steam locomotive""]","['C57 steam locomotives', 'C57 steam locomotives by number', 'C57 43 steam locomotive', 'Wheels of C57 43 steam locomotive']"
C57,,,,,,"[""C57 steam locomotives"", ""C57 steam locomotives by number"", ""C57 44 steam locomotive""]","['C57 steam locomotives', 'C57 steam locomotives by number', 'C57 44 steam locomotive']"
C57,,,,,,"[""C57 steam locomotives"", ""C57 steam locomotives by number"", ""C57 5 steam locomotive""]","['C57 steam locomotives', 'C57 steam locomotives by number', 'C57 5 steam locomotive']"
C57,,,,,,"[""C57 steam locomotives"", ""C57 steam locomotives by number"", ""C57 56 steam locomotive""]","['C57 steam locomotives', 'C57 steam locomotives by number', 'C57 56 steam locomotive']"
C57,,,,,,"[""C57 steam locomotives"", ""C57 steam locomotives by number"", ""C57 57 steam locomotive"", ""C57 57 steam locomotive at Okura Sports Park""]","['C57 steam locomotives', 'C57 steam locomotives by number', 'C57 57 steam locomotive', 'C57 57 steam locomotive at Okura Sports Park']"
,,,,,,"[""C57 steam locomotives"", ""C57 steam locomotives by number"", ""C57 57 steam locomotive""]","['C57 steam locomotives', 'C57 steam locomotives by number', 'C57 57 steam locomotive']"
,,,,,,"[""C57 steam locomotives"", ""C57 steam locomotives by number"", ""C57 66 steam locomotive"", ""C57 66 steam locomotive at Iriarai Nishi Park""]","['C57 steam locomotives', 'C57 steam locomotives by number', 'C57 66 steam locomotive', 'C57 66 steam locomotive at Iriarai Nishi Park']"
,,,,,,"[""C57 steam locomotives"", ""C57 steam locomotives by number"", ""C57 7 steam locomotive""]","['C57 steam locomotives', 'C57 steam locomotives by number', 'C57 7 steam locomotive']"
,,,,,,"[""C57 steam locomotives"", ""C57 steam locomotives by number"", ""C57 87 steam locomotive""]","['C57 steam locomotives', 'C57 steam locomotives by number', 'C57 87 steam locomotive']"
,,,,,,"[""C57 steam locomotives"", ""C57 steam locomotives in service"", ""C57 180 steam locomotive""]","['C57 steam locomotives', 'C57 steam locomotives in service', 'C57 180 steam locomotive']"
,,JR West,JR西日本,SL Kita-Biwako,,"[""C57 steam locomotives"", ""C57 steam locomotives in service"", ""JR West C57 1"", ""JR West C57 1 as SL Kita-Biwako""]","['C57 steam locomotives', 'C57 steam locomotives in service', 'JR West C57 1', 'JR West C57 1 as SL Kita-Biwako']"
,,JR West,JR西日本,SL Yamaguchi,,"[""C57 steam locomotives"", ""C57 steam locomotives in service"", ""JR West C57 1"", ""JR West C57 1 as SL Yamaguchi""]","['C57 steam locomotives', 'C57 steam locomotives in service', 'JR West C57 1', 'JR West C57 1 as SL Yamaguchi']"
,,JR West,JR西日本,,,"[""C57 steam locomotives"", ""C57 steam locomotives in service"", ""JR West C57 1""]","['C57 steam locomotives', 'C57 steam locomotives in service', 'JR West C57 1']"
,,,,,,"[""C57 steam locomotives"", ""C57 steam locomotives in service""]","['C57 steam locomotives', 'C57 steam locomotives in service']"
,,Taiwan Railways Administration,台湾鉄路管理局,,,"[""C57 steam locomotives"", ""TRA CT270"", ""TRA CT271""]","['C57 steam locomotives', 'TRA CT270', 'TRA CT271']"
CT273,,Taiwan Railways Administration,台湾鉄路管理局,,,"[""C57 steam locomotives"", ""TRA CT270"", ""TRA CT273""]","['C57 steam locomotives', 'TRA CT270', 'TRA CT273']"
CT278,,Taiwan Railways Administration,台湾鉄路管理局,,,"[""C57 steam locomotives"", ""TRA CT270"", ""TRA CT278""]","['C57 steam locomotives', 'TRA CT270', 'TRA CT278']"
CT284,,Taiwan Railways Administration,台湾鉄路管理局,,,"[""C57 steam locomotives"", ""TRA CT270"", ""TRA CT284""]","['C57 steam locomotives', 'TRA CT270', 'TRA CT284']"
CT270,,Taiwan Railways Administration,台湾鉄路管理局,,,"[""C57 steam locomotives"", ""TRA CT270""]","['C57 steam locomotives', 'TRA CT270']"
,,,,,,"[""C57 steam locomotives""]",['C57 steam locomotives']
,,JNR,国鉄,,Blue Liner,"[""JNR 113"", ""JNR 113 (JNR)"", ""JNR 113 (JNR) in Blue Liner livery""]","['JNR 113', 'JNR 113 (JNR)', 'JNR 113 (JNR) in Blue Liner livery']"
,,JNR,国鉄,,Kasuga,"[""JNR 113"", ""JNR 113 (JNR)"", ""JNR 113 (JNR) in Kasuga livery""]","['JNR 113', 'JNR 113 (JNR)', 'JNR 113 (JNR) in Kasuga livery']"
,,JNR,国鉄,,Shonan,"[""JNR 113"", ""JNR 113 (JNR)"", ""JNR 113 (JNR) in Shonan livery""]","['JNR 113', 'JNR 113 (JNR)', 'JNR 113 (JNR) in Shonan livery']"
,,JNR,国鉄,,Yokosuka,"[""JNR 113"", ""JNR 113 (JNR)"", ""JNR 113 (JNR) in Yokosuka livery""]","['JNR 113', 'JNR 113 (JNR)', 'JNR 113 (JNR) in Yokosuka livery']"
,,JNR,国鉄,,,"[""JNR 113"", ""JNR 113 (JNR)""]","['JNR 113', 'JNR 113 (JNR)']"
,,JR Central,JR東海,,湘南,"[""JNR 113"", ""JNR 113 (JR Central)"", ""JNR 113 (JR Central) in Shonan livery""]","['JNR 113', 'JNR 113 (JR Central)', 'JNR 113 (JR Central) in Shonan livery']"
,,JR East,JR東日本,,湘南,"[""JNR 113"", ""JNR 113 (JR East)"", ""JNR 113 (JR East) in Shonan livery""]","['JNR 113', 'JNR 113 (JR East)', 'JNR 113 (JR East) in Shonan livery']"
,,JR East,JR東日本,,横須賀,"[""JNR 113"", ""JNR 113 (JR East)"", ""JNR 113 (JR East) in Yokosuka livery""]","['JNR 113', 'JNR 113 (JR East)', 'JNR 113 (JR East) in Yokosuka livery']"
Saro 124,,JR East,JR東日本,,,"[""JNR 113"", ""JNR 113 (JR East)"", ""Saro 124""]","['JNR 113', 'JNR 113 (JR East)', 'Saro 124']"
,,JR East,JR東日本,,,"[""JNR 113"", ""JNR 113 (JR East)""]","['JNR 113', 'JNR 113 (JR East)']"
,,JR Shikoku,JR四国,,,"[""JNR 113"", ""JNR 113 (JR Shikoku)""]","['JNR 113', 'JNR 113 (JR Shikoku)']"
,,JR West,JR西日本,,かすが,"[""JNR 113"", ""JNR 113 (JR West)"", ""JNR 113 (JR West) by livery"", ""JNR 113 (JR West) in Kasuga livery""]","['JNR 113', 'JNR 113 (JR West)', 'JNR 113 (JR West) by livery', 'JNR 113 (JR West) in Kasuga livery']"
,,JR West,JR西日本,,湘南,"[""JNR 113"", ""JNR 113 (JR West)"", ""JNR 113 (JR West) by livery"", ""JNR 113 (JR West) in Shonan livery""]","['JNR 113', 'JNR 113 (JR West)', 'JNR 113 (JR West) by livery', 'JNR 113 (JR West) in Shonan livery']"
,,JR West,JR西日本,,福知山線色,"[""JNR 113"", ""JNR 113 (JR West)"", ""JNR 113 (JR West) by livery"", ""JNR 113 in Fukuchiyama Line livery (yellow and blue)""]","['JNR 113', 'JNR 113 (JR West)', 'JNR 113 (JR West) by livery', 'JNR 113 in Fukuchiyama Line livery (yellow and blue)']"
,,JR West,JR西日本,,関西更新色,"[""JNR 113"", ""JNR 113 (JR West)"", ""JNR 113 (JR West) by livery"", ""JNR 113 in Kansai renewal livery""]","['JNR 113', 'JNR 113 (JR West)', 'JNR 113 (JR West) by livery', 'JNR 113 in Kansai renewal livery']"
113,,JR West,JR西日本,,京都地域色,"[""JNR 113"", ""JNR 113 (JR West)"", ""JNR 113 (JR West) by livery"", ""JNR 113 in Kyoto regional livery (green)""]","['JNR 113', 'JNR 113 (JR West)', 'JNR 113 (JR West) by livery', 'JNR 113 in Kyoto regional livery (green)']"
113,,JR West,JR西日本,,瀬戸内地域色,"[""JNR 113"", ""JNR 113 (JR West)"", ""JNR 113 (JR West) by livery"", ""JNR 113 in Setouchi regional livery (yellow)""]","['JNR 113', 'JNR 113 (JR West)', 'JNR 113 (JR West) by livery', 'JNR 113 in Setouchi regional livery (yellow)']"
113,,JR West,JR西日本,,オーシャンカラー,"[""JNR 113"", ""JNR 113 (JR West)"", ""JNR 113 (JR West) by livery"", ""JNR 113 in ocean green livery""]","['JNR 113', 'JNR 113 (JR West)', 'JNR 113 (JR West) by livery', 'JNR 113 in ocean green livery']"
113,2000,JR West,JR西日本,,,"[""JNR 113"", ""JNR 113 (JR West)"", ""JNR 113 (JR West) by series"", ""JR West 113-2000""]","['JNR 113', 'JNR 113 (JR West)', 'JNR 113 (JR West) by series', 'JR West 113-2000']"
113,5300,JR West,JR西日本,,,"[""JNR 113"", ""JNR 113 (JR West)"", ""JNR 113 (JR West) by series"", ""JR West 113-5300""]","['JNR 113', 'JNR 113 (JR West)', 'JNR 113 (JR West) by series', 'JR West 113-5300']"
113-5800,5800,JR West,JR西日本,,,"[""JNR 113"", ""JNR 113 (JR West)"", ""JNR 113 (JR West) by series"", ""JR West 113-5800""]","['JNR 113', 'JNR 113 (JR West)', 'JNR 113 (JR West) by series', 'JR West 113-5800']"
113-800,800,JR West,JR西日本,,,"[""JNR 113"", ""JNR 113 (JR West)"", ""JNR 113 (JR West) by series"", ""JR West 113-800"", ""JR West 415-800""]","['JNR 113', 'JNR 113 (JR West)', 'JNR 113 (JR West) by series', 'JR West 113-800', 'JR West 415-800']"
113-3800,3800,JR West,JR西日本,,,"[""JNR 113"", ""JNR 113 (JR West)"", ""JNR 113 (JR West) by service"", ""JNR 113 (Fukuchiyama Line)"", ""JR West 113-3800""]","['JNR 113', 'JNR 113 (JR West)', 'JNR 113 (JR West) by service', 'JNR 113 (Fukuchiyama Line)', 'JR West 113-3800']"
113-800,800,JR West,JR西日本,,,"[""JNR 113"", ""JNR 113 (JR West)"", ""JNR 113 (JR West) by service"", ""JNR 113 (Fukuchiyama Line)"", ""JR West 113-800""]","['JNR 113', 'JNR 113 (JR West)', 'JNR 113 (JR West) by service', 'JNR 113 (Fukuchiyama Line)', 'JR West 113-800']"
,,JR West,JR西日本,,,"[""JNR 113"", ""JNR 113 (JR West)"", ""JNR 113 (JR West) by service"", ""JNR 113 (Fukuchiyama Line)""]","['JNR 113', 'JNR 113 (JR West)', 'JNR 113 (JR West) by service', 'JNR 113 (Fukuchiyama Line)']"
,,JR West,JR西日本,,,"[""JNR 113"", ""JNR 113 (JR West)"", ""JNR 113 (JR West) by service"", ""JNR 113 (Kosei Line local service)""]","['JNR 113', 'JNR 113 (JR West)', 'JNR 113 (JR West) by service', 'JNR 113 (Kosei Line local service)']"
,,JR West,JR西日本,,,"[""JNR 113"", ""JNR 113 (JR West)"", ""JNR 113 (JR West) by service"", ""JNR 113 (Kusatsu Line)""]","['JNR 113', 'JNR 113 (JR West)', 'JNR 113 (JR West) by service', 'JNR 113 (Kusatsu Line)']"
,,JR West,JR西日本,,小浜線,"[""JNR 113"", ""JNR 113 (JR West)"", ""JNR 113 (JR West) by service"", ""JNR 113 (Obama Line)"", ""JNR 113 in Obama Line livery""]","['JNR 113', 'JNR 113 (JR West)', 'JNR 113 (JR West) by service', 'JNR 113 (Obama Line)', 'JNR 113 in Obama Line livery']"
,,JR West,JR西日本,,,"[""JNR 113"", ""JNR 113 (JR West)"", ""JNR 113 (JR West) by service"", ""JNR 113 (Obama Line)""]","['JNR 113', 'JNR 113 (JR West)', 'JNR 113 (JR West) by service', 'JNR 113 (Obama Line)']"
,,JR West,JR西日本,,,"[""JNR 113"", ""JNR 113 (JR West)"", ""JNR 113 (JR West) by service"", ""JNR 113 (Tōkaidō-Sanyō Line rapid service)""]","['JNR 113', 'JNR 113 (JR West)', 'JNR 113 (JR West) by service', 'JNR 113 (Tōkaidō-Sanyō Line rapid service)']"
,,JR West,JR西日本,,,"[""JNR 113"", ""JNR 113 (JR West)"", ""JNR 113 (JR West) by service"", ""JNR 113 (Yamatoji Line)"", ""JNR 113 (Kansai Main Line rapid service)""]","['JNR 113', 'JNR 113 (JR West)', 'JNR 113 (JR West) by service', 'JNR 113 (Yamatoji Line)', 'JNR 113 (Kansai Main Line rapid service)']"
,,JR West,JR西日本,,,"[""JNR 113"", ""JNR 113 (JR West)"", ""JNR 113 (JR West) by service"", ""JNR 113 (Yamatoji Line)""]","['JNR 113', 'JNR 113 (JR West)', 'JNR 113 (JR West) by service', 'JNR 113 (Yamatoji Line)']"
,,JR West,JR西日本,,Blue Liner,"[""JNR 113"", ""JNR 113 (JR West)"", ""JNR 113 (JR West) in Blue Liner livery""]","['JNR 113', 'JNR 113 (JR West)', 'JNR 113 (JR West) in Blue Liner livery']"
,,JR West,JR西日本,,,"[""JNR 113"", ""JNR 113 (JR West)""]","['JNR 113', 'JNR 113 (JR West)']"
,,,,,,"[""JNR 113"", ""JNR 113 at Tokyo Station""]","['JNR 113', 'JNR 113 at Tokyo Station']"
113,,JNR,国鉄,,Kasuga,"[""JNR 113"", ""JNR 113 by livery"", ""JNR 113 in Kasuga livery""]","['JNR 113', 'JNR 113 by livery', 'JNR 113 in Kasuga livery']"
113,,JNR,国鉄,,Shonan,"[""JNR 113"", ""JNR 113 by livery"", ""JNR 113 in Shonan livery""]","['JNR 113', 'JNR 113 by livery', 'JNR 113 in Shonan livery']"
485,,JNR,国鉄,,,"[""JNR 485"", ""JNR 485 (bonnet style)""]","['JNR 485', 'JNR 485 (bonnet style)']"
485,,JNR,国鉄,,Akabe,"[""JNR 485"", ""JNR 485 by livery"", ""Akabe""]","['JNR 485', 'JNR 485 by livery', 'Akabe']"
485,,JNR,国鉄,,JNR,"[""JNR 485"", ""JNR 485 by livery"", ""JNR 485 in JNR livery"", ""JNR 485 (JNR)""]","['JNR 485', 'JNR 485 by livery', 'JNR 485 in JNR livery', 'JNR 485 (JNR)']"
,,JR East,JR東日本,,JNR,"[""JNR 485"", ""JNR 485 by livery"", ""JNR 485 in JNR livery"", ""JNR 485 (JR East in JNR livery)""]","['JNR 485', 'JNR 485 by livery', 'JNR 485 in JNR livery', 'JNR 485 (JR East in JNR livery)']"
,,JR Kyushu,JR九州,,JNR,"[""JNR 485"", ""JNR 485 by livery"", ""JNR 485 in JNR livery"", ""JNR 485 (JR Kyushu in JNR livery)""]","['JNR 485', 'JNR 485 by livery', 'JNR 485 in JNR livery', 'JNR 485 (JR Kyushu in JNR livery)']"
,,JR West,JR西日本,,JNR,"[""JNR 485"", ""JNR 485 by livery"", ""JNR 485 in JNR livery"", ""JNR 485 (JR West in JNR livery)""]","['JNR 485', 'JNR 485 by livery', 'JNR 485 in JNR livery', 'JNR 485 (JR West in JNR livery)']"
,,,,,JNR,"[""JNR 485"", ""JNR 485 by livery"", ""JNR 485 in JNR livery""]","['JNR 485', 'JNR 485 by livery', 'JNR 485 in JNR livery']"
,,,,,Kagayaki/Kirameki,"[""JNR 485"", ""JNR 485 by livery"", ""JNR 485 in Kagayaki/Kirameki livery""]","['JNR 485', 'JNR 485 by livery', 'JNR 485 in Kagayaki/Kirameki livery']"
,,JNR,国鉄,,Kaminuttari,"[""JNR 485"", ""JNR 485 by livery"", ""JNR 485 in Kaminuttari livery""]","['JNR 485', 'JNR 485 by livery', 'JNR 485 in Kaminuttari livery']"
,,JNR,国鉄,,Red Express,"[""JNR 485"", ""JNR 485 by livery"", ""JNR 485 in Red Express livery""]","['JNR 485', 'JNR 485 by livery', 'JNR 485 in Red Express livery']"
,,JNR,国鉄,,Spacia,"[""JNR 485"", ""JNR 485 by livery"", ""JNR 485 in Spacia livery""]","['JNR 485', 'JNR 485 by livery', 'JNR 485 in Spacia livery']"
,,JNR,国鉄,,Super Raicho,"[""JNR 485"", ""JNR 485 by livery"", ""JNR 485 in Super Raicho livery""]","['JNR 485', 'JNR 485 by livery', 'JNR 485 in Super Raicho livery']"
Kuha 481,0,JNR,国鉄,,,"[""JNR 485"", ""JNR 485 by model"", ""Kuha 481"", ""Kuha 481 (bonnet style)"", ""JNR 485 series Kuha 481-26 at the Railway Museum (Japan)""]","['JNR 485', 'JNR 485 by model', 'Kuha 481', 'Kuha 481 (bonnet style)', 'JNR 485 series Kuha 481-26 at the Railway Museum (Japan)']"
Kuha 481,600,JNR,日本国有鉄道,,,"[""JNR 485"", ""JNR 485 by model"", ""Kuha 481"", ""Kuha 481 (bonnet style)"", ""JNR 485 series Kuha 481-603 at the Kyushu Railway History Museum""]","['JNR 485', 'JNR 485 by model', 'Kuha 481', 'Kuha 481 (bonnet style)', 'JNR 485 series Kuha 481-603 at the Kyushu Railway History Museum']"
Kuha 481,,JNR,日本国有鉄道,,,"[""JNR 485"", ""JNR 485 by model"", ""Kuha 481"", ""Kuha 481 (bonnet style)""]","['JNR 485', 'JNR 485 by model', 'Kuha 481', 'Kuha 481 (bonnet style)']"
Kuha 481,1500,JNR,日本国有鉄道,,,"[""JNR 485"", ""JNR 485 by model"", ""Kuha 481"", ""Kuha 481-1500""]","['JNR 485', 'JNR 485 by model', 'Kuha 481', 'Kuha 481-1500']"
Kuha 481,200,JNR,日本国有鉄道,,,"[""JNR 485"", ""JNR 485 by model"", ""Kuha 481"", ""Kuha 481-246""]","['JNR 485', 'JNR 485 by model', 'Kuha 481', 'Kuha 481-246']"
Kuha 481,800,JNR,日本国有鉄道,,,"[""JNR 485"", ""JNR 485 by model"", ""Kuha 481"", ""Kuha 481-800""]","['JNR 485', 'JNR 485 by model', 'Kuha 481', 'Kuha 481-800']"
Kuha 481,,JNR,国鉄,,,"[""JNR 485"", ""JNR 485 by model"", ""Kuha 481""]","['JNR 485', 'JNR 485 by model', 'Kuha 481']"
Kumoha 485,,JNR,国鉄,,,"[""JNR 485"", ""JNR 485 by model"", ""Kumoha 485"", ""Kumoha 183-200""]","['JNR 485', 'JNR 485 by model', 'Kumoha 485', 'Kumoha 183-200']"
Kumoha 485,,JNR,国鉄,,,"[""JNR 485"", ""JNR 485 by model"", ""Kumoha 485""]","['JNR 485', 'JNR 485 by model', 'Kumoha 485']"
Kuro 481,,JNR,国鉄,,,"[""JNR 485"", ""JNR 485 by model"", ""Kuro 481"", ""Kuro 481 (bonnet style)""]","['JNR 485', 'JNR 485 by model', 'Kuro 481', 'Kuro 481 (bonnet style)']"
Kuro 481,,JNR,国鉄,,,"[""JNR 485"", ""JNR 485 by model"", ""Kuro 481"", ""Kuro 481 (panoramic car)""]","['JNR 485', 'JNR 485 by model', 'Kuro 481', 'Kuro 481 (panoramic car)']"
Kuro 481,,JNR,国鉄,,,"[""JNR 485"", ""JNR 485 by model"", ""Kuro 481""]","['JNR 485', 'JNR 485 by model', 'Kuro 481']"
Kuroha 183,,JNR,国鉄,,,"[""JNR 485"", ""JNR 485 by model"", ""Kuroha 481"", ""Kuroha 183""]","['JNR 485', 'JNR 485 by model', 'Kuroha 481', 'Kuroha 183']"
Kuroha 481,,JNR,国鉄,,,"[""JNR 485"", ""JNR 485 by model"", ""Kuroha 481""]","['JNR 485', 'JNR 485 by model', 'Kuroha 481']"
Moha 484,,JNR,国鉄,,,"[""JNR 485"", ""JNR 485 by model"", ""Moha 484""]","['JNR 485', 'JNR 485 by model', 'Moha 484']"
Moha 485,,JNR,国鉄,,,"[""JNR 485"", ""JNR 485 by model"", ""Moha 485""]","['JNR 485', 'JNR 485 by model', 'Moha 485']"
Saro 481,,,,,,"[""JNR 485"", ""JNR 485 by model"", ""Saro 481""]","['JNR 485', 'JNR 485 by model', 'Saro 481']"
Sashi 481,,,,,,"[""JNR 485"", ""JNR 485 by model"", ""Sashi 481""]","['JNR 485', 'JNR 485 by model', 'Sashi 481']"
,,JR East,JR東日本,Hana,,"[""JNR 485"", ""JNR 485 by operator"", ""JNR 485 (JR East)"", ""Hana (train, JR East)""]","['JNR 485', 'JNR 485 by operator', 'JNR 485 (JR East)', 'Hana (train, JR East)']"
,,JR East,JR東日本,,Kamoshika,"[""JNR 485"", ""JNR 485 by operator"", ""JNR 485 (JR East)"", ""JR East 485 in Kamoshika livery""]","['JNR 485', 'JNR 485 by operator', 'JNR 485 (JR East)', 'JR East 485 in Kamoshika livery']"
,,JR East,JR東日本,,Viva-Aizu,"[""JNR 485"", ""JNR 485 by operator"", ""JNR 485 (JR East)"", ""JR East 485 in Viva-Aizu livery""]","['JNR 485', 'JNR 485 by operator', 'JNR 485 (JR East)', 'JR East 485 in Viva-Aizu livery']"
485,,JR East,JR東日本,,,"[""JNR 485"", ""JNR 485 by operator"", ""JNR 485 (JR East)"", ""JR East 485 in purple livery""]","['JNR 485', 'JNR 485 by operator', 'JNR 485 (JR East)', 'JR East 485 in purple livery']"
485,3000,JR East,JR東日本,,,"[""JNR 485"", ""JNR 485 by operator"", ""JNR 485 (JR East)"", ""JR East 485-3000""]","['JNR 485', 'JNR 485 by operator', 'JNR 485 (JR East)', 'JR East 485-3000']"
485,,JR East,JR東日本,Kirakira Uetsu,,"[""JNR 485"", ""JNR 485 by operator"", ""JNR 485 (JR East)"", ""Kirakira Uetsu""]","['JNR 485', 'JNR 485 by operator', 'JNR 485 (JR East)', 'Kirakira Uetsu']"
485,,JR East,JR東日本,New Nanohana,,"[""JNR 485"", ""JNR 485 by operator"", ""JNR 485 (JR East)"", ""New Nanohana""]","['JNR 485', 'JNR 485 by operator', 'JNR 485 (JR East)', 'New Nanohana']"
485,,JR East,JR東日本,Nodoka,,"[""JNR 485"", ""JNR 485 by operator"", ""JNR 485 (JR East)"", ""Nodoka""]","['JNR 485', 'JNR 485 by operator', 'JNR 485 (JR East)', 'Nodoka']"
,,JR East,JR東日本,Resort Express Yū,,"[""JNR 485"", ""JNR 485 by operator"", ""JNR 485 (JR East)"", ""Resort Express Yū""]","['JNR 485', 'JNR 485 by operator', 'JNR 485 (JR East)', 'Resort Express Yū']"
,,JR East,JR東日本,Resort Yamadori,,"[""JNR 485"", ""JNR 485 by operator"", ""JNR 485 (JR East)"", ""Resort Yamadori""]","['JNR 485', 'JNR 485 by operator', 'JNR 485 (JR East)', 'Resort Yamadori']"
,,JR East,JR東日本,Seseragi,,"[""JNR 485"", ""JNR 485 by operator"", ""JNR 485 (JR East)"", ""Seseragi""]","['JNR 485', 'JNR 485 by operator', 'JNR 485 (JR East)', 'Seseragi']"
,,JR East,JR東日本,Utage,,"[""JNR 485"", ""JNR 485 by operator"", ""JNR 485 (JR East)"", ""Utage""]","['JNR 485', 'JNR 485 by operator', 'JNR 485 (JR East)', 'Utage']"
,,JR East,JR東日本,Yamanami,,"[""JNR 485"", ""JNR 485 by operator"", ""JNR 485 (JR East)"", ""Yamanami""]","['JNR 485', 'JNR 485 by operator', 'JNR 485 (JR East)', 'Yamanami']"
,,JR East,JR東日本,Zipangu,,"[""JNR 485"", ""JNR 485 by operator"", ""JNR 485 (JR East)"", ""Zipangu (train)""]","['JNR 485', 'JNR 485 by operator', 'JNR 485 (JR East)', 'Zipangu (train)']"
,,JR East,JR東日本,,,"[""JNR 485"", ""JNR 485 by operator"", ""JNR 485 (JR East)""]","['JNR 485', 'JNR 485 by operator', 'JNR 485 (JR East)']"
,,JR Kyushu,JR九州,,Huis Ten Bosch,"[""JNR 485"", ""JNR 485 by operator"", ""JNR 485 (JR Kyushu)"", ""JNR 485 (Huis Ten Bosch livery)""]","['JNR 485', 'JNR 485 by operator', 'JNR 485 (JR Kyushu)', 'JNR 485 (Huis Ten Bosch livery)']"
,,JR Kyushu,JR九州,,Kirishima & Hyuga,"[""JNR 485"", ""JNR 485 by operator"", ""JNR 485 (JR Kyushu)"", ""JNR 485 (Kirishima & Hyuga livery)""]","['JNR 485', 'JNR 485 by operator', 'JNR 485 (JR Kyushu)', 'JNR 485 (Kirishima & Hyuga livery)']"
,,JR Kyushu,JR九州,,Kirishima Express,"[""JNR 485"", ""JNR 485 by operator"", ""JNR 485 (JR Kyushu)"", ""JNR 485 (Kirishima Express livery)""]","['JNR 485', 'JNR 485 by operator', 'JNR 485 (JR Kyushu)', 'JNR 485 (Kirishima Express livery)']"
,,JR Kyushu,JR九州,,,"[""JNR 485"", ""JNR 485 by operator"", ""JNR 485 (JR Kyushu)""]","['JNR 485', 'JNR 485 by operator', 'JNR 485 (JR Kyushu)']"
,,JR West,JR西日本,,白鷺,"[""JNR 485"", ""JNR 485 by operator"", ""JNR 485 (JR West)"", ""JNR 485 in Shirasagi livery""]","['JNR 485', 'JNR 485 by operator', 'JNR 485 (JR West)', 'JNR 485 in Shirasagi livery']"
183,,JR West,JR西日本,,国鉄色,"[""JNR 485"", ""JNR 485 by operator"", ""JNR 485 (JR West)"", ""JR West 183"", ""JR West 183 in JNR livery""]","['JNR 485', 'JNR 485 by operator', 'JNR 485 (JR West)', 'JR West 183', 'JR West 183 in JNR livery']"
183,,JR West,JR西日本,,JR西日本色,"[""JNR 485"", ""JNR 485 by operator"", ""JNR 485 (JR West)"", ""JR West 183"", ""JR West 183 in JR West livery""]","['JNR 485', 'JNR 485 by operator', 'JNR 485 (JR West)', 'JR West 183', 'JR West 183 in JR West livery']"
,,JR West,JR西日本,,,"[""JNR 485"", ""JNR 485 by operator"", ""JNR 485 (JR West)""]","['JNR 485', 'JNR 485 by operator', 'JNR 485 (JR West)']"
485-1500,1500,JNR,国鉄,Irodori,,"[""JNR 485"", ""JNR 485-1500"", ""Irodori (train)""]","['JNR 485', 'JNR 485-1500', 'Irodori (train)']"
485-1500,1500,JNR,国鉄,,,"[""JNR 485"", ""JNR 485-1500""]","['JNR 485', 'JNR 485-1500']"
,,JNR,国鉄,,,"[""JNR 485""]",['JNR 485']
DD51,700,,,,,"[""JNR DD51"", ""DD51 756 diesel locomotive at the Kyoto Railway Museum""]","['JNR DD51', 'DD51 756 diesel locomotive at the Kyoto Railway Museum']"
DD51,,,,,Hokutosei,"[""JNR DD51"", ""DD51 in Hokutosei livery""]","['JNR DD51', 'DD51 in Hokutosei livery']"
,0,JNR,国鉄,,,"[""JNR DD51"", ""JNR DD51 1 at the Usui Pass Railway Heritage Park""]","['JNR DD51', 'JNR DD51 1 at the Usui Pass Railway Heritage Park']"
,1000,JNR,国鉄,,,"[""JNR DD51"", ""JNR DD51 1043""]","['JNR DD51', 'JNR DD51 1043']"
,,JNR,国鉄,,,"[""JNR DD51"", ""JNR DD51 1109""]","['JNR DD51', 'JNR DD51 1109']"
,,JNR,国鉄,,,"[""JNR DD51"", ""JNR DD51 1191""]","['JNR DD51', 'JNR DD51 1191']"
,500,JNR,国鉄,,,"[""JNR DD51"", ""JNR DD51 615 at Otaru museum""]","['JNR DD51', 'JNR DD51 615 at Otaru museum']"
DD51,700,JR East,JR東日本,,,"[""JNR DD51"", ""JNR DD51 759""]","['JNR DD51', 'JNR DD51 759']"
DD51,800,JR East,JR東日本,,,"[""JNR DD51"", ""JR East DD51 842""]","['JNR DD51', 'JR East DD51 842']"
DD51,800,JR East,JR東日本,,,"[""JNR DD51"", ""JR East DD51 895""]","['JNR DD51', 'JR East DD51 895']"
DD51,,,,,,"[""JNR DD51""]",['JNR DD51']
EF64 1000,1000,,,,国鉄色,"[""JNR EF64"", ""EF64 1000"", ""EF64 1000 in JNR blue livery""]","['JNR EF64', 'EF64 1000', 'EF64 1000 in JNR blue livery']"
EF64 1000,,JR Freight,JR貨物,,広島色,"[""JNR EF64"", ""EF64 1000"", ""EF64 1000 in JR Freight Hiroshima livery (dark blue and light blue)""]","['JNR EF64', 'EF64 1000', 'EF64 1000 in JR Freight Hiroshima livery (dark blue and light blue)']"
EF64 1000,,JR Freight,JR貨物,,大宮色,"[""JNR EF64"", ""EF64 1000"", ""EF64 1000 in JR Freight Omiya livery (blue and white)""]","['JNR EF64', 'EF64 1000', 'EF64 1000 in JR Freight Omiya livery (blue and white)']"
EF64 1000,,JR East,JR東日本,,,"[""JNR EF64"", ""EF64 1000"", ""EF64 1001""]","['JNR EF64', 'EF64 1000', 'EF64 1001']"
EF64 1000,,,,,,"[""JNR EF64"", ""EF64 1000""]","['JNR EF64', 'EF64 1000']"
EF64,0,JNR,国鉄,,,"[""JNR EF64"", ""EF64"", ""EF64 37 electric locomotive""]","['JNR EF64', 'EF64', 'EF64 37 electric locomotive']"
EF64,18,JNR,国鉄,,国鉄ブルー,"[""JNR EF64"", ""EF64"", ""EF64 in JNR blue livery"", ""EF64 18 electric locomotive""]","['JNR EF64', 'EF64', 'EF64 in JNR blue livery', 'EF64 18 electric locomotive']"
EF64,38,JNR,国鉄,,国鉄ブルー,"[""JNR EF64"", ""EF64"", ""EF64 in JNR blue livery"", ""EF64 38 electric locomotive""]","['JNR EF64', 'EF64', 'EF64 in JNR blue livery', 'EF64 38 electric locomotive']"
EF64,,JNR,国鉄,,国鉄ブルー,"[""JNR EF64"", ""EF64"", ""EF64 in JNR blue livery""]","['JNR EF64', 'EF64', 'EF64 in JNR blue livery']"
EF64,,JR Freight,JR貨物,,白と青,"[""JNR EF64"", ""EF64"", ""EF64 in JR Freight livery (white and blue)""]","['JNR EF64', 'EF64', 'EF64 in JR Freight livery (white and blue)']"
EF64,,JNR,国鉄,,茶色,"[""JNR EF64"", ""EF64"", ""EF64 in brown livery""]","['JNR EF64', 'EF64', 'EF64 in brown livery']"
EF64,,JNR,国鉄,,,"[""JNR EF64"", ""EF64""]","['JNR EF64', 'EF64']"
EF81,300,JNR,国鉄,,,"[""JNR EF81"", ""EF81 300""]","['JNR EF81', 'EF81 300']"
EF81,400,JNR,国鉄,,,"[""JNR EF81"", ""EF81 400""]","['JNR EF81', 'EF81 400']"
EF81,450,JNR,国鉄,,,"[""JNR EF81"", ""EF81 450""]","['JNR EF81', 'EF81 450']"
EF81,500,JNR,国鉄,,,"[""JNR EF81"", ""EF81 500""]","['JNR EF81', 'EF81 500']"
EF81 600,600,Japan National Railways,日本国有鉄道,,,"[""JNR EF81"", ""EF81 600""]","['JNR EF81', 'EF81 600']"
,,Japan National Railways,日本国有鉄道,,Cassiopeia,"[""JNR EF81"", ""EF81"", ""EF81 in Cassiopeia livery""]","['JNR EF81', 'EF81', 'EF81 in Cassiopeia livery']"
,,Japan National Railways,日本国有鉄道,,Hokutosei,"[""JNR EF81"", ""EF81"", ""EF81 in Hokutosei livery""]","['JNR EF81', 'EF81', 'EF81 in Hokutosei livery']"
,,Japan National Railways,日本国有鉄道,,Super Express Rainbow,"[""JNR EF81"", ""EF81"", ""EF81 in Super Express Rainbow livery""]","['JNR EF81', 'EF81', 'EF81 in Super Express Rainbow livery']"
,100,Japan National Railways,日本国有鉄道,,Twilight Express,"[""JNR EF81"", ""EF81"", ""EF81 in Twilight Express livery"", ""EF81-103 at the Kyoto Railway Museum""]","['JNR EF81', 'EF81', 'EF81 in Twilight Express livery', 'EF81-103 at the Kyoto Railway Museum']"
,,,,,Twilight Express,"[""JNR EF81"", ""EF81"", ""EF81 in Twilight Express livery""]","['JNR EF81', 'EF81', 'EF81 in Twilight Express livery']"
,,JR East,JR東日本,,,"[""JNR EF81"", ""EF81"", ""JR East EF81 81""]","['JNR EF81', 'EF81', 'JR East EF81 81']"
,,,,,,"[""JNR EF81"", ""EF81""]","['JNR EF81', 'EF81']"
AT-400,,Aizu Railway,会津鉄道,,,"[""JNR Kiha 40 series"", ""Aizu Railway AT-400""]","['JNR Kiha 40 series', 'Aizu Railway AT-400']"
Kiha 40,,JR Central,JR東海,,,"[""JNR Kiha 40 series"", ""JNR Kiha 40 series (JR Central)"", ""Kiha 40 (JR Central)""]","['JNR Kiha 40 series', 'JNR Kiha 40 series (JR Central)', 'Kiha 40 (JR Central)']"
Kiha 47,,JR Central,JR東海,,,"[""JNR Kiha 40 series"", ""JNR Kiha 40 series (JR Central)"", ""Kiha 47 (JR Central)""]","['JNR Kiha 40 series', 'JNR Kiha 40 series (JR Central)', 'Kiha 47 (JR Central)']"
Kiha 48,,JR Central,JR東海,,,"[""JNR Kiha 40 series"", ""JNR Kiha 40 series (JR Central)"", ""Kiha 48 (JR Central)""]","['JNR Kiha 40 series', 'JNR Kiha 40 series (JR Central)', 'Kiha 48 (JR Central)']"
,,JR Central,JR東海,,,"[""JNR Kiha 40 series"", ""JNR Kiha 40 series (JR Central)""]","['JNR Kiha 40 series', 'JNR Kiha 40 series (JR Central)']"
,,JR East,JR東日本,Furusato,,"[""JNR Kiha 40 series"", ""JNR Kiha 40 series (JR East)"", ""Furusato (train)""]","['JNR Kiha 40 series', 'JNR Kiha 40 series (JR East)', 'Furusato (train)']"
Kiha 40,,JR East,JR東日本,,五能線色,"[""JNR Kiha 40 series"", ""JNR Kiha 40 series (JR East)"", ""Kiha 40 (JR East)"", ""Kiha 40 (JR East) in Gonō Line livery (cream and blue)""]","['JNR Kiha 40 series', 'JNR Kiha 40 series (JR East)', 'Kiha 40 (JR East)', 'Kiha 40 (JR East) in Gonō Line livery (cream and blue)']"
Kiha 40,,JR East,JR東日本,,Karasuyama Line,"[""JNR Kiha 40 series"", ""JNR Kiha 40 series (JR East)"", ""Kiha 40 (JR East)"", ""Kiha 40 (JR East) in Karasuyama Line livery""]","['JNR Kiha 40 series', 'JNR Kiha 40 series (JR East)', 'Kiha 40 (JR East)', 'Kiha 40 (JR East) in Karasuyama Line livery']"
Kiha 40,,JR East,JR東日本,,Niigata,"[""JNR Kiha 40 series"", ""JNR Kiha 40 series (JR East)"", ""Kiha 40 (JR East)"", ""Kiha 40 (JR East) in Niigata livery (I)""]","['JNR Kiha 40 series', 'JNR Kiha 40 series (JR East)', 'Kiha 40 (JR East)', 'Kiha 40 (JR East) in Niigata livery (I)']"
Kiha 40,,JR East,JR東日本,,Oga Line,"[""JNR Kiha 40 series"", ""JNR Kiha 40 series (JR East)"", ""Kiha 40 (JR East)"", ""Kiha 40 (JR East) in Oga Line livery (cream and green)""]","['JNR Kiha 40 series', 'JNR Kiha 40 series (JR East)', 'Kiha 40 (JR East)', 'Kiha 40 (JR East) in Oga Line livery (cream and green)']"
Kiha 40,,JR East,JR東日本,,orange vermilion,"[""JNR Kiha 40 series"", ""JNR Kiha 40 series (JR East)"", ""Kiha 40 (JR East)"", ""Kiha 40 (JR East) in orange vermilion livery""]","['JNR Kiha 40 series', 'JNR Kiha 40 series (JR East)', 'Kiha 40 (JR East)', 'Kiha 40 (JR East) in orange vermilion livery']"
Kiha 40,,JR East,JR東日本,,,"[""JNR Kiha 40 series"", ""JNR Kiha 40 series (JR East)"", ""Kiha 40 (JR East)""]","['JNR Kiha 40 series', 'JNR Kiha 40 series (JR East)', 'Kiha 40 (JR East)']"
Kiha 47,,JR East,JR東日本,,新潟色,"[""JNR Kiha 40 series"", ""JNR Kiha 40 series (JR East)"", ""Kiha 47 (JR East)"", ""Kiha 47 (JR East) in Niigata livery (I)""]","['JNR Kiha 40 series', 'JNR Kiha 40 series (JR East)', 'Kiha 47 (JR East)', 'Kiha 47 (JR East) in Niigata livery (I)']"
Kiha 47,,JR East,JR東日本,,,"[""JNR Kiha 40 series"", ""JNR Kiha 40 series (JR East)"", ""Kiha 47 (JR East)""]","['JNR Kiha 40 series', 'JNR Kiha 40 series (JR East)', 'Kiha 47 (JR East)']"
Kiha 48,,JR East,JR東日本,Akita Cruise Train,,"[""JNR Kiha 40 series"", ""JNR Kiha 40 series (JR East)"", ""Kiha 48 (JR East)"", ""Akita Cruise Train""]","['JNR Kiha 40 series', 'JNR Kiha 40 series (JR East)', 'Kiha 48 (JR East)', 'Akita Cruise Train']"
Kiha 48,,JR East,JR東日本,Kirakira Michinoku,,"[""JNR Kiha 40 series"", ""JNR Kiha 40 series (JR East)"", ""Kiha 48 (JR East)"", ""Kirakira Michinoku""]","['JNR Kiha 40 series', 'JNR Kiha 40 series (JR East)', 'Kiha 48 (JR East)', 'Kirakira Michinoku']"
Kiha 48,,JR East,JR東日本,Resort Minori,,"[""JNR Kiha 40 series"", ""JNR Kiha 40 series (JR East)"", ""Kiha 48 (JR East)"", ""Resort Minori""]","['JNR Kiha 40 series', 'JNR Kiha 40 series (JR East)', 'Kiha 48 (JR East)', 'Resort Minori']"
Kiha 48,,JR East,JR東日本,Cruising Train,,"[""JNR Kiha 40 series"", ""JNR Kiha 40 series (JR East)"", ""Kiha 48 (JR East)"", ""Resort Shirakami Aoike (I)"", ""Cruising Train (Kiha 48)""]","['JNR Kiha 40 series', 'JNR Kiha 40 series (JR East)', 'Kiha 48 (JR East)', 'Resort Shirakami Aoike (I)', 'Cruising Train (Kiha 48)']"
Kiha 48,,JR East,JR東日本,Resort Shirakami Aoike (I),,"[""JNR Kiha 40 series"", ""JNR Kiha 40 series (JR East)"", ""Kiha 48 (JR East)"", ""Resort Shirakami Aoike (I)""]","['JNR Kiha 40 series', 'JNR Kiha 40 series (JR East)', 'Kiha 48 (JR East)', 'Resort Shirakami Aoike (I)']"
Kiha 48,,JR East,JR東日本,Resort Shirakami Buna (I),,"[""JNR Kiha 40 series"", ""JNR Kiha 40 series (JR East)"", ""Kiha 48 (JR East)"", ""Resort Shirakami Buna (I)""]","['JNR Kiha 40 series', 'JNR Kiha 40 series (JR East)', 'Kiha 48 (JR East)', 'Resort Shirakami Buna (I)']"
Kiha 48,,JR East,JR東日本,Resort Shirakami Kumagera,,"[""JNR Kiha 40 series"", ""JNR Kiha 40 series (JR East)"", ""Kiha 48 (JR East)"", ""Resort Shirakami Kumagera""]","['JNR Kiha 40 series', 'JNR Kiha 40 series (JR East)', 'Kiha 48 (JR East)', 'Resort Shirakami Kumagera']"
Kiha 48,,JR East,JR東日本,Resort Umineko,,"[""JNR Kiha 40 series"", ""JNR Kiha 40 series (JR East)"", ""Kiha 48 (JR East)"", ""Resort Umineko""]","['JNR Kiha 40 series', 'JNR Kiha 40 series (JR East)', 'Kiha 48 (JR East)', 'Resort Umineko']"
Kiha 48,,JR East,JR東日本,Umineko,,"[""JNR Kiha 40 series"", ""JNR Kiha 40 series (JR East)"", ""Kiha 48 (JR East)"", ""Umineko (train)""]","['JNR Kiha 40 series', 'JNR Kiha 40 series (JR East)', 'Kiha 48 (JR East)', 'Umineko (train)']"
Kiha 48,,JR East,JR東日本,View Coaster Kazekko,,"[""JNR Kiha 40 series"", ""JNR Kiha 40 series (JR East)"", ""Kiha 48 (JR East)"", ""View Coaster Kazekko""]","['JNR Kiha 40 series', 'JNR Kiha 40 series (JR East)', 'Kiha 48 (JR East)', 'View Coaster Kazekko']"
Kiha 48,,JR East,JR東日本,,,"[""JNR Kiha 40 series"", ""JNR Kiha 40 series (JR East)"", ""Kiha 48 (JR East)""]","['JNR Kiha 40 series', 'JNR Kiha 40 series (JR East)', 'Kiha 48 (JR East)']"
Kiha 48,,JR East,JR東日本,Koshino Shu*Kura,,"[""JNR Kiha 40 series"", ""JNR Kiha 40 series (JR East)"", ""Koshino Shu*Kura""]","['JNR Kiha 40 series', 'JNR Kiha 40 series (JR East)', 'Koshino Shu*Kura']"
,,JR East,JR東日本,,,"[""JNR Kiha 40 series"", ""JNR Kiha 40 series (JR East)""]","['JNR Kiha 40 series', 'JNR Kiha 40 series (JR East)']"
Kiha 40,,JR Hokkaido,JR北海道,,,"[""JNR Kiha 40 series"", ""JNR Kiha 40 series (JR Hokkaido)"", ""Kiha 40 (JR Hokkaido)""]","['JNR Kiha 40 series', 'JNR Kiha 40 series (JR Hokkaido)', 'Kiha 40 (JR Hokkaido)']"
Kiha 400,,JR Hokkaido,JR北海道,,,"[""JNR Kiha 40 series"", ""JNR Kiha 40 series (JR Hokkaido)"", ""Kiha 400 (JR Hokkaido)""]","['JNR Kiha 40 series', 'JNR Kiha 40 series (JR Hokkaido)', 'Kiha 400 (JR Hokkaido)']"
Kiha 48,,JR Hokkaido,JR北海道,,,"[""JNR Kiha 40 series"", ""JNR Kiha 40 series (JR Hokkaido)"", ""Kiha 48 (JR Hokkaido)""]","['JNR Kiha 40 series', 'JNR Kiha 40 series (JR Hokkaido)', 'Kiha 48 (JR Hokkaido)']"
,,JR Hokkaido,JR北海道,,,"[""JNR Kiha 40 series"", ""JNR Kiha 40 series (JR Hokkaido)""]","['JNR Kiha 40 series', 'JNR Kiha 40 series (JR Hokkaido)']"
Kiha 140,,JR Kyushu,JR九州,,,"[""JNR Kiha 40 series"", ""JNR Kiha 40 series (JR Kyushu)"", ""Kiha 140 (JR Kyushu)""]","['JNR Kiha 40 series', 'JNR Kiha 40 series (JR Kyushu)', 'Kiha 140 (JR Kyushu)']"
Kiha 147,,JR Kyushu,JR九州,,,"[""JNR Kiha 40 series"", ""JNR Kiha 40 series (JR Kyushu)"", ""Kiha 147 (JR Kyushu)""]","['JNR Kiha 40 series', 'JNR Kiha 40 series (JR Kyushu)', 'Kiha 147 (JR Kyushu)']"
Kiha 40,,JR Kyushu,JR九州,,,"[""JNR Kiha 40 series"", ""JNR Kiha 40 series (JR Kyushu)"", ""Kiha 40 (JR Kyushu)""]","['JNR Kiha 40 series', 'JNR Kiha 40 series (JR Kyushu)', 'Kiha 40 (JR Kyushu)']"
Kiha 47,,JR Kyushu,JR九州,Aru Ressha,,"[""JNR Kiha 40 series"", ""JNR Kiha 40 series (JR Kyushu)"", ""Kiha 47 (JR Kyushu)"", ""Aru Ressha""]","['JNR Kiha 40 series', 'JNR Kiha 40 series (JR Kyushu)', 'Kiha 47 (JR Kyushu)', 'Aru Ressha']"
Kiha 47,,JR Kyushu,JR九州,Futatsuboshi 4047,,"[""JNR Kiha 40 series"", ""JNR Kiha 40 series (JR Kyushu)"", ""Kiha 47 (JR Kyushu)"", ""Futatsuboshi 4047""]","['JNR Kiha 40 series', 'JNR Kiha 40 series (JR Kyushu)', 'Kiha 47 (JR Kyushu)', 'Futatsuboshi 4047']"
Kiha 47,,JR Kyushu,JR九州,Kawasemi Yamasemi,,"[""JNR Kiha 40 series"", ""JNR Kiha 40 series (JR Kyushu)"", ""Kiha 47 (JR Kyushu)"", ""Kawasemi Yamasemi""]","['JNR Kiha 40 series', 'JNR Kiha 40 series (JR Kyushu)', 'Kiha 47 (JR Kyushu)', 'Kawasemi Yamasemi']"
Kiha 47,,JR Kyushu,JR九州,,,"[""JNR Kiha 40 series"", ""JNR Kiha 40 series (JR Kyushu)"", ""Kiha 47 (JR Kyushu)""]","['JNR Kiha 40 series', 'JNR Kiha 40 series (JR Kyushu)', 'Kiha 47 (JR Kyushu)']"
,,JR Kyushu,JR九州,,,"[""JNR Kiha 40 series"", ""JNR Kiha 40 series (JR Kyushu)""]","['JNR Kiha 40 series', 'JNR Kiha 40 series (JR Kyushu)']"
Kiha 40,,JR Shikoku,JR四国,,,"[""JNR Kiha 40 series"", ""JNR Kiha 40 series (JR Shikoku)"", ""JNR Kiha 40 (JR Shikoku)""]","['JNR Kiha 40 series', 'JNR Kiha 40 series (JR Shikoku)', 'JNR Kiha 40 (JR Shikoku)']"
Kiha 47,,JR Shikoku,JR四国,Iyonada Monogatari (I),,"[""JNR Kiha 40 series"", ""JNR Kiha 40 series (JR Shikoku)"", ""JNR Kiha 47 (JR Shikoku)"", ""Iyonada Monogatari (I)""]","['JNR Kiha 40 series', 'JNR Kiha 40 series (JR Shikoku)', 'JNR Kiha 47 (JR Shikoku)', 'Iyonada Monogatari (I)']"
Kiha 47,,JR Shikoku,JR四国,Iyonada Monogatari,,"[""JNR Kiha 40 series"", ""JNR Kiha 40 series (JR Shikoku)"", ""JNR Kiha 47 (JR Shikoku)"", ""Iyonada Monogatari""]","['JNR Kiha 40 series', 'JNR Kiha 40 series (JR Shikoku)', 'JNR Kiha 47 (JR Shikoku)', 'Iyonada Monogatari']"
Kiha 47,,JR Shikoku,JR四国,,,"[""JNR Kiha 40 series"", ""JNR Kiha 40 series (JR Shikoku)"", ""JNR Kiha 47 (JR Shikoku)""]","['JNR Kiha 40 series', 'JNR Kiha 40 series (JR Shikoku)', 'JNR Kiha 47 (JR Shikoku)']"
Kiha 40,,JR West,JR西日本,Sakubi Sakuraku,,"[""JNR Kiha 40 series"", ""JNR Kiha 40 series (JR West)"", ""Kiha 40 (JR West)"", ""Sakubi Sakuraku""]","['JNR Kiha 40 series', 'JNR Kiha 40 series (JR West)', 'Kiha 40 (JR West)', 'Sakubi Sakuraku']"
Kiha 40,,JR West,JR西日本,,,"[""JNR Kiha 40 series"", ""JNR Kiha 40 series (JR West)"", ""Kiha 40 (JR West)""]","['JNR Kiha 40 series', 'JNR Kiha 40 series (JR West)', 'Kiha 40 (JR West)']"
Kiha 41,,JR West,JR西日本,,,"[""JNR Kiha 40 series"", ""JNR Kiha 40 series (JR West)"", ""Kiha 41 (JR West)""]","['JNR Kiha 40 series', 'JNR Kiha 40 series (JR West)', 'Kiha 41 (JR West)']"
Kiha 47,,JR West,JR西日本,Ametuchi,,"[""JNR Kiha 40 series"", ""JNR Kiha 40 series (JR West)"", ""Kiha 47 (JR West)"", ""Ametuchi (train)""]","['JNR Kiha 40 series', 'JNR Kiha 40 series (JR West)', 'Kiha 47 (JR West)', 'Ametuchi (train)']"
Kiha 47,,JR West,JR西日本,EtSETOra,,"[""JNR Kiha 40 series"", ""JNR Kiha 40 series (JR West)"", ""Kiha 47 (JR West)"", ""EtSETOra""]","['JNR Kiha 40 series', 'JNR Kiha 40 series (JR West)', 'Kiha 47 (JR West)', 'EtSETOra']"
Kiha 47,,JR West,JR西日本,Marumaru-no-Hanashi,,"[""JNR Kiha 40 series"", ""JNR Kiha 40 series (JR West)"", ""Kiha 47 (JR West)"", ""Marumaru-no-Hanashi""]","['JNR Kiha 40 series', 'JNR Kiha 40 series (JR West)', 'Kiha 47 (JR West)', 'Marumaru-no-Hanashi']"
Kiha 47,,JR West,JR西日本,Misuzu-Shiosai,,"[""JNR Kiha 40 series"", ""JNR Kiha 40 series (JR West)"", ""Kiha 47 (JR West)"", ""Misuzu-Shiosai""]","['JNR Kiha 40 series', 'JNR Kiha 40 series (JR West)', 'Kiha 47 (JR West)', 'Misuzu-Shiosai']"
Kiha 47,,JR West,JR西日本,,,"[""JNR Kiha 40 series"", ""JNR Kiha 40 series (JR West)"", ""Kiha 47 (JR West)""]","['JNR Kiha 40 series', 'JNR Kiha 40 series (JR West)', 'Kiha 47 (JR West)']"
Kiha 48,,JR West,JR西日本,Hanayome Noren,,"[""JNR Kiha 40 series"", ""JNR Kiha 40 series (JR West)"", ""Kiha 48 (JR West)"", ""Hanayome Noren""]","['JNR Kiha 40 series', 'JNR Kiha 40 series (JR West)', 'Kiha 48 (JR West)', 'Hanayome Noren']"
Kiha 48,,JR West,JR西日本,,,"[""JNR Kiha 40 series"", ""JNR Kiha 40 series (JR West)"", ""Kiha 48 (JR West)""]","['JNR Kiha 40 series', 'JNR Kiha 40 series (JR West)', 'Kiha 48 (JR West)']"
,,JR West,JR西日本,,,"[""JNR Kiha 40 series"", ""JNR Kiha 40 series (JR West)""]","['JNR Kiha 40 series', 'JNR Kiha 40 series (JR West)']"
Kiha 40,,South Hokkaido Railway,道南いさりび鉄道,,,"[""JNR Kiha 40 series"", ""JNR Kiha 40"", ""Ex-JNR Kiha 40"", ""South Hokkaido Railway Kiha 40""]","['JNR Kiha 40 series', 'JNR Kiha 40', 'Ex-JNR Kiha 40', 'South Hokkaido Railway Kiha 40']"
Kiha 40,,,,,,"[""JNR Kiha 40 series"", ""JNR Kiha 40"", ""Ex-JNR Kiha 40""]","['JNR Kiha 40 series', 'JNR Kiha 40', 'Ex-JNR Kiha 40']"
Kiha 40,100,,,,,"[""JNR Kiha 40 series"", ""JNR Kiha 40"", ""Kiha 40 100""]","['JNR Kiha 40 series', 'JNR Kiha 40', 'Kiha 40 100']"
Kiha 40,2000,Japanese National Railways,国鉄,,,"[""JNR Kiha 40 series"", ""JNR Kiha 40"", ""Kiha 40 2000""]","['JNR Kiha 40 series', 'JNR Kiha 40', 'Kiha 40 2000']"
Kiha 40,,Japanese National Railways,国鉄,,,"[""JNR Kiha 40 series"", ""JNR Kiha 40""]","['JNR Kiha 40 series', 'JNR Kiha 40']"
Kiha 47,0,Japanese National Railways,国鉄,,,"[""JNR Kiha 40 series"", ""JNR Kiha 47"", ""JNR Kiha 47 0""]","['JNR Kiha 40 series', 'JNR Kiha 47', 'JNR Kiha 47 0']"
Kiha 47,,Japanese National Railways,国鉄,,,"[""JNR Kiha 40 series"", ""JNR Kiha 47""]","['JNR Kiha 40 series', 'JNR Kiha 47']"
E217,,JR East,JR東日本,,,"[""JR East E217"", ""JR East E217 at Tokyo Station""]","['JR East E217', 'JR East E217 at Tokyo Station']"
E217,,JR East,JR東日本,,,"[""JR East E217""]",['JR East E217']
E231,,JR East,JR東日本,,,"[""JR East E231"", ""JR East E231 at Tokyo Station""]","['JR East E231', 'JR East E231 at Tokyo Station']"
E231,0,JR East,JR東日本,,,"[""JR East E231"", ""JR East E231-0 (Chūō-Sōbu Line)""]","['JR East E231', 'JR East E231-0 (Chūō-Sōbu Line)']"
E231,0,JR East,JR東日本,,,"[""JR East E231"", ""JR East E231-0 (Jōban Line)""]","['JR East E231', 'JR East E231-0 (Jōban Line)']"
E231,0,JR East,JR東日本,,,"[""JR East E231"", ""JR East E231-0 (Musashino Line)""]","['JR East E231', 'JR East E231-0 (Musashino Line)']"
E231-1000,1000,JR East,JR東日本,,,"[""JR East E231"", ""JR East E231-1000"", ""Green Cars of JR East E231-1000""]","['JR East E231', 'JR East E231-1000', 'Green Cars of JR East E231-1000']"
E231-1000,1000,JR East,JR東日本,,,"[""JR East E231"", ""JR East E231-1000""]","['JR East E231', 'JR East E231-1000']"
E231-3000,3000,JR East,JR東日本,,,"[""JR East E231"", ""JR East E231-3000""]","['JR East E231', 'JR East E231-3000']"
E231-500,500,JR East,JR東日本,,,"[""JR East E231"", ""JR East E231-500 (Chūō-Sōbu Line)""]","['JR East E231', 'JR East E231-500 (Chūō-Sōbu Line)']"
E231-500,500,JR East,JR東日本,,,"[""JR East E231"", ""JR East E231-500 (Yamanote Line)"", ""JR East E231-500 at Tokyo Station""]","['JR East E231', 'JR East E231-500 (Yamanote Line)', 'JR East E231-500 at Tokyo Station']"
E231-500,500,JR East,JR東日本,,,"[""JR East E231"", ""JR East E231-500 (Yamanote Line)""]","['JR East E231', 'JR East E231-500 (Yamanote Line)']"
E231-800,800,JR East,JR東日本,,,"[""JR East E231"", ""JR East E231-800""]","['JR East E231', 'JR East E231-800']"
E231-900,900,JR East,JR東日本,,,"[""JR East E231"", ""JR East E231-900"", ""JR East E231-900 (Musashino Line)""]","['JR East E231', 'JR East E231-900', 'JR East E231-900 (Musashino Line)']"
E231-900,900,JR East,JR東日本,,,"[""JR East E231"", ""JR East E231-900""]","['JR East E231', 'JR East E231-900']"
10-300,300,Toei,東京都交通局,,,"[""JR East E231"", ""Toei 10-300 series""]","['JR East E231', 'Toei 10-300 series']"
5050,,Tokyu Corporation,東急電鉄,,,"[""JR East E231"", ""Tōkyū 5000 series (II)"", ""Tokyu 5050 series""]","['JR East E231', 'Tōkyū 5000 series (II)', 'Tokyu 5050 series']"
5050-4000,4000,Tokyu Corporation,東急電鉄,Shibuya Hikarie,,"[""JR East E231"", ""Tōkyū 5000 series (II)"", ""Tokyu 5050-4000 series"", ""Shibuya Hikarie (train)""]","['JR East E231', 'Tōkyū 5000 series (II)', 'Tokyu 5050-4000 series', 'Shibuya Hikarie (train)']"
5050-4000,4000,Tokyu Corporation,東急電鉄,,,"[""JR East E231"", ""Tōkyū 5000 series (II)"", ""Tokyu 5050-4000 series""]","['JR East E231', 'Tōkyū 5000 series (II)', 'Tokyu 5050-4000 series']"
5080,,Tokyu Corporation,東急電鉄,,,"[""JR East E231"", ""Tōkyū 5000 series (II)"", ""Tokyu 5080 series""]","['JR East E231', 'Tōkyū 5000 series (II)', 'Tokyu 5080 series']"
5050,,Tokyu Corporation,東急電鉄,,,"[""JR East E231"", ""Tōkyū 5000 series (II)""]","['JR East E231', 'Tōkyū 5000 series (II)']"
E231,,JR East,JR東日本,,,"[""JR East E231""]",['JR East E231']
E233,,JR East,JR東日本,,,"[""JR East E233"", ""JR East E233 at Tokyo Station""]","['JR East E233', 'JR East E233 at Tokyo Station']"
E233-0,0,JR East,JR東日本,,,"[""JR East E233"", ""JR East E233-0"", ""Green Cars of JR East E233-0""]","['JR East E233', 'JR East E233-0', 'Green Cars of JR East E233-0']"
E233-0,0,JR East,JR東日本,,,"[""JR East E233"", ""JR East E233-0"", ""JR East E233-0 (Information display)""]","['JR East E233', 'JR East E233-0', 'JR East E233-0 (Information display)']"
E233-0,0,JR East,JR東日本,,,"[""JR East E233"", ""JR East E233-0""]","['JR East E233', 'JR East E233-0']"
E233-1000,1000,JR East,JR東日本,,,"[""JR East E233"", ""JR East E233-1000""]","['JR East E233', 'JR East E233-1000']"
E233-2000,2000,JR East,JR東日本,,,"[""JR East E233"", ""JR East E233-2000""]","['JR East E233', 'JR East E233-2000']"
E233-3000,3000,JR East,JR東日本,,,"[""JR East E233"", ""JR East E233-3000"", ""Green Cars of JR East E233-3000""]","['JR East E233', 'JR East E233-3000', 'Green Cars of JR East E233-3000']"
E233-3000,3000,JR East,JR東日本,,,"[""JR East E233"", ""JR East E233-3000""]","['JR East E233', 'JR East E233-3000']"
E233-5000,5000,JR East,JR東日本,,,"[""JR East E233"", ""JR East E233-5000""]","['JR East E233', 'JR East E233-5000']"
E233-6000,6000,JR East,JR東日本,,,"[""JR East E233"", ""JR East E233-6000""]","['JR East E233', 'JR East E233-6000']"
E233-7000,7000,JR East,JR東日本,,,"[""JR East E233"", ""JR East E233-7000""]","['JR East E233', 'JR East E233-7000']"
E233-8000,8000,JR East,JR東日本,,,"[""JR East E233"", ""JR East E233-8000""]","['JR East E233', 'JR East E233-8000']"
E233-8500,8500,JR East,JR東日本,,,"[""JR East E233"", ""JR East E233-8500""]","['JR East E233', 'JR East E233-8500']"
,,JR East,JR東日本,,,"[""JR East E233""]",['JR East E233']
E235-0,0,JR East,JR東日本,,黒い山手線,"[""JR East E235"", ""JR East E235-0"", ""Black Yamanote Line for Japan railways 150th Anniversary""]","['JR East E235', 'JR East E235-0', 'Black Yamanote Line for Japan railways 150th Anniversary']"
E235-0,0,JR East,JR東日本,,,"[""JR East E235"", ""JR East E235-0"", ""JR East E235-0 at Tokyo Station""]","['JR East E235', 'JR East E235-0', 'JR East E235-0 at Tokyo Station']"
E235-0,0,JR East,JR東日本,,,"[""JR East E235"", ""JR East E235-0"", ""Strip photography of Yamanote line E235""]","['JR East E235', 'JR East E235-0', 'Strip photography of Yamanote line E235']"
E235-0,0,JR East,JR東日本,,,"[""JR East E235"", ""JR East E235-0""]","['JR East E235', 'JR East E235-0']"
E235-1000,1000,JR East,JR東日本,,,"[""JR East E235"", ""JR East E235-1000""]","['JR East E235', 'JR East E235-1000']"
,,JR East,JR東日本,,,"[""JR East E257"", ""JR East E257 at Tokyo Station""]","['JR East E257', 'JR East E257 at Tokyo Station']"
E257-0,0,JR East,JR東日本,,,"[""JR East E257"", ""JR East E257-0""]","['JR East E257', 'JR East E257-0']"
E257-2000,2000,JR East,JR東日本,,,"[""JR East E257"", ""JR East E257-2000""]","['JR East E257', 'JR East E257-2000']"
E257-2500,2500,JR East,JR東日本,,,"[""JR East E257"", ""JR East E257-2500""]","['JR East E257', 'JR East E257-2500']"
E257-500,500,JR East,JR東日本,,,"[""JR East E257"", ""JR East E257-500""]","['JR East E257', 'JR East E257-500']"
E257-5000,5000,JR East,JR東日本,,,"[""JR East E257"", ""JR East E257-5000""]","['JR East E257', 'JR East E257-5000']"
E257-5500,5500,JR East,JR東日本,,,"[""JR East E257"", ""JR East E257-5500""]","['JR East E257', 'JR East E257-5500']"
E257,,JR East,JR東日本,Odoriko,,"[""JR East E257"", ""Odoriko (JR East E257)""]","['JR East E257', 'Odoriko (JR East E257)']"
E257,,JR East,JR東日本,,,"[""JR East E257""]",['JR East E257']
E353,,JR East,JR東日本,,,"[""JR East E353""]",['JR East E353']
,,JR East,JR東日本,,,"[""JR East E657""]",['JR East E657']
Kiha 100,,JR East,JR東日本,High Rail 1375,,"[""JR East KiHa 100 series"", ""High Rail 1375""]","['JR East KiHa 100 series', 'High Rail 1375']"
Kiha 100,0,JR East,JR東日本,Pokémon with You Train,,"[""JR East KiHa 100 series"", ""Kiha 100-0"", ""Pokémon with You Train""]","['JR East KiHa 100 series', 'Kiha 100-0', 'Pokémon with You Train']"
Kiha 100,0,JR East,JR東日本,,,"[""JR East KiHa 100 series"", ""Kiha 100-0""]","['JR East KiHa 100 series', 'Kiha 100-0']"
Kiha 100,200,JR East,JR東日本,,,"[""JR East KiHa 100 series"", ""Kiha 100-200""]","['JR East KiHa 100 series', 'Kiha 100-200']"
Kiha 101,,JR East,JR東日本,,,"[""JR East KiHa 100 series"", ""Kiha 101""]","['JR East KiHa 100 series', 'Kiha 101']"
Kiha 110,0,JR East,JR東日本,,,"[""JR East KiHa 100 series"", ""Kiha 110-0""]","['JR East KiHa 100 series', 'Kiha 110-0']"
Kiha 110,100,JR East,JR東日本,,,"[""JR East KiHa 100 series"", ""Kiha 110-100""]","['JR East KiHa 100 series', 'Kiha 110-100']"
Kiha 110,200,JR East,JR東日本,Oykot,,"[""JR East KiHa 100 series"", ""Kiha 110-200"", ""Oykot""]","['JR East KiHa 100 series', 'Kiha 110-200', 'Oykot']"
Kiha 110,200,JR East,JR東日本,,,"[""JR East KiHa 100 series"", ""Kiha 110-200""]","['JR East KiHa 100 series', 'Kiha 110-200']"
KiHa 110,300,JR East,JR東日本,,,"[""JR East KiHa 100 series"", ""Kiha 110-300""]","['JR East KiHa 100 series', 'Kiha 110-300']"
KiHa 111,0,JR East,JR東日本,,,"[""JR East KiHa 100 series"", ""Kiha 111-0""]","['JR East KiHa 100 series', 'Kiha 111-0']"
KiHa 111,100,JR East,JR東日本,,,"[""JR East KiHa 100 series"", ""Kiha 111-100""]","['JR East KiHa 100 series', 'Kiha 111-100']"
KiHa 111,200,JR East,JR東日本,,,"[""JR East KiHa 100 series"", ""Kiha 111-200""]","['JR East KiHa 100 series', 'Kiha 111-200']"
KiHa 112,0,JR East,JR東日本,,,"[""JR East KiHa 100 series"", ""Kiha 112-0""]","['JR East KiHa 100 series', 'Kiha 112-0']"
Kiha 112,100,JR East,JR東日本,,,"[""JR East KiHa 100 series"", ""Kiha 112-100""]","['JR East KiHa 100 series', 'Kiha 112-100']"
Kiha 112,150,JR East,JR東日本,,,"[""JR East KiHa 100 series"", ""Kiha 112-150""]","['JR East KiHa 100 series', 'Kiha 112-150']"
Kiha 112,200,JR East,JR東日本,,,"[""JR East KiHa 100 series"", ""Kiha 112-200""]","['JR East KiHa 100 series', 'Kiha 112-200']"
,,JR East,JR東日本,,,"[""JR East KiHa 100 series""]",['JR East KiHa 100 series']
EF510,0,JR Freight,JR貨物,,,"[""JR Freight EF510"", ""JR Freight EF510-0""]","['JR Freight EF510', 'JR Freight EF510-0']"
EF510,300,JR Freight,JR貨物,,,"[""JR Freight EF510"", ""JR Freight EF510-300""]","['JR Freight EF510', 'JR Freight EF510-300']"
EF510,500,JR Freight,JR貨物,,,"[""JR Freight EF510"", ""JR Freight EF510-500""]","['JR Freight EF510', 'JR Freight EF510-500']"
EF510,,JR Freight,JR貨物,,,"[""JR Freight EF510""]",['JR Freight EF510']
Kiha 141,,JR Hokkaido,JR北海道,SL Ginga,,"[""JR Hokkaido Kiha 141"", ""SL Ginga""]","['JR Hokkaido Kiha 141', 'SL Ginga']"
Kiha 141,,JR Hokkaido,JR北海道,,,"[""JR Hokkaido Kiha 141""]",['JR Hokkaido Kiha 141']
E5,0,JR East,JR東日本,,,"[""Shinkansen E5"", ""Shinkansen E5 on Hokkaidō Shinkansen"", ""Shinkansen E5 at Shin-Hakodate-Hokuto Station""]","['Shinkansen E5', 'Shinkansen E5 on Hokkaidō Shinkansen', 'Shinkansen E5 at Shin-Hakodate-Hokuto Station']"
E5,0,JR East,JR東日本,,,"[""Shinkansen E5"", ""Shinkansen E5 on Tōhoku Shinkansen"", ""Shinkansen E5 at Hachinohe Station""]","['Shinkansen E5', 'Shinkansen E5 on Tōhoku Shinkansen', 'Shinkansen E5 at Hachinohe Station']"
E5,0,JR East,JR東日本,,,"[""Shinkansen E5"", ""Shinkansen E5 on Tōhoku Shinkansen"", ""Shinkansen E5 at Kōriyama Station (Fukushima)""]","['Shinkansen E5', 'Shinkansen E5 on Tōhoku Shinkansen', 'Shinkansen E5 at Kōriyama Station (Fukushima)']"
E5,0,JR East,JR東日本,,,"[""Shinkansen E5"", ""Shinkansen E5 on Tōhoku Shinkansen"", ""Shinkansen E5 at Morioka Station""]","['Shinkansen E5', 'Shinkansen E5 on Tōhoku Shinkansen', 'Shinkansen E5 at Morioka Station']"
E5,0,JR East,JR東日本,,,"[""Shinkansen E5"", ""Shinkansen E5 on Tōhoku Shinkansen"", ""Shinkansen E5 at Sendai Station (Miyagi)""]","['Shinkansen E5', 'Shinkansen E5 on Tōhoku Shinkansen', 'Shinkansen E5 at Sendai Station (Miyagi)']"
,,JR East,JR東日本,,,"[""Shinkansen E5"", ""Shinkansen E5 on Tōhoku Shinkansen"", ""Shinkansen E5 at Shin-Aomori Station""]","['Shinkansen E5', 'Shinkansen E5 on Tōhoku Shinkansen', 'Shinkansen E5 at Shin-Aomori Station']"
,,JR East,JR東日本,,,"[""Shinkansen E5"", ""Shinkansen E5 on Tōhoku Shinkansen"", ""Shinkansen E5 at Tokyo Station""]","['Shinkansen E5', 'Shinkansen E5 on Tōhoku Shinkansen', 'Shinkansen E5 at Tokyo Station']"
,,JR East,JR東日本,,,"[""Shinkansen E5"", ""Shinkansen E5 on Tōhoku Shinkansen"", ""Shinkansen E5 at Ōmiya Station (Saitama)""]","['Shinkansen E5', 'Shinkansen E5 on Tōhoku Shinkansen', 'Shinkansen E5 at Ōmiya Station (Saitama)']"
,,JR East,JR東日本,,,"[""Shinkansen E5"", ""Shinkansen E5 on Tōhoku Shinkansen""]","['Shinkansen E5', 'Shinkansen E5 on Tōhoku Shinkansen']"
,,JR East,JR東日本,,,"[""Shinkansen E5"", ""Shinkansen E5 series E514 mockup""]","['Shinkansen E5', 'Shinkansen E5 series E514 mockup']"
E5,,JR East,JR東日本,,,"[""Shinkansen E5""]",['Shinkansen E5']
E6,,JR East,JR東日本,,,"[""Shinkansen E6"", ""Shinkansen E6 on Akita Shinkansen"", ""Shinkansen E6 at Akita Station""]","['Shinkansen E6', 'Shinkansen E6 on Akita Shinkansen', 'Shinkansen E6 at Akita Station']"
E6,,JR East,JR東日本,,,"[""Shinkansen E6"", ""Shinkansen E6 on Akita Shinkansen"", ""Shinkansen E6 at Ōkama Station""]","['Shinkansen E6', 'Shinkansen E6 on Akita Shinkansen', 'Shinkansen E6 at Ōkama Station']"
E6,,JR East,JR東日本,,,"[""Shinkansen E6"", ""Shinkansen E6 on Akita Shinkansen"", ""Shinkansen E6 at Ōmagari Station (Akita)""]","['Shinkansen E6', 'Shinkansen E6 on Akita Shinkansen', 'Shinkansen E6 at Ōmagari Station (Akita)']"
E6,,JR East,JR東日本,,,"[""Shinkansen E6"", ""Shinkansen E6 on Akita Shinkansen""]","['Shinkansen E6', 'Shinkansen E6 on Akita Shinkansen']"
E6,,JR East,JR東日本,,,"[""Shinkansen E6"", ""Shinkansen E6 on Tōhoku Shinkansen"", ""Shinkansen E6 at Morioka Station""]","['Shinkansen E6', 'Shinkansen E6 on Tōhoku Shinkansen', 'Shinkansen E6 at Morioka Station']"
E6,,JR East,JR東日本,,,"[""Shinkansen E6"", ""Shinkansen E6 on Tōhoku Shinkansen"", ""Shinkansen E6 at Sendai Station (Miyagi)""]","['Shinkansen E6', 'Shinkansen E6 on Tōhoku Shinkansen', 'Shinkansen E6 at Sendai Station (Miyagi)']"
E6,,JR East,JR東日本,,,"[""Shinkansen E6"", ""Shinkansen E6 on Tōhoku Shinkansen"", ""Shinkansen E6 at Tokyo Station""]","['Shinkansen E6', 'Shinkansen E6 on Tōhoku Shinkansen', 'Shinkansen E6 at Tokyo Station']"
E6,,JR East,JR東日本,,,"[""Shinkansen E6"", ""Shinkansen E6 on Tōhoku Shinkansen"", ""Shinkansen E6 at Ōmiya Station (Saitama)""]","['Shinkansen E6', 'Shinkansen E6 on Tōhoku Shinkansen', 'Shinkansen E6 at Ōmiya Station (Saitama)']"
E6,,JR East,JR東日本,,,"[""Shinkansen E6"", ""Shinkansen E6 on Tōhoku Shinkansen""]","['Shinkansen E6', 'Shinkansen E6 on Tōhoku Shinkansen']"
E6,,JR East,JR東日本,,,"[""Shinkansen E6""]",['Shinkansen E6']
E7,,JR East,JR東日本,,pink line,"[""Shinkansen E7"", ""Shinkansen E7 (pink line livery)""]","['Shinkansen E7', 'Shinkansen E7 (pink line livery)']"
E7,,JR East,JR東日本,,,"[""Shinkansen E7"", ""Shinkansen E7 on Hokuriku Shinkansen"", ""Shinkansen E7 at Kanazawa Station""]","['Shinkansen E7', 'Shinkansen E7 on Hokuriku Shinkansen', 'Shinkansen E7 at Kanazawa Station']"
E7,,JR East,JR東日本,,,"[""Shinkansen E7"", ""Shinkansen E7 on Hokuriku Shinkansen"", ""Shinkansen E7 at Nagano Station""]","['Shinkansen E7', 'Shinkansen E7 on Hokuriku Shinkansen', 'Shinkansen E7 at Nagano Station']"
E7,,JR East,JR東日本,,,"[""Shinkansen E7"", ""Shinkansen E7 on Hokuriku Shinkansen""]","['Shinkansen E7', 'Shinkansen E7 on Hokuriku Shinkansen']"
E7,,JR East,JR東日本,,,"[""Shinkansen E7"", ""Shinkansen E7 on Jōetsu Shinkansen""]","['Shinkansen E7', 'Shinkansen E7 on Jōetsu Shinkansen']"
E7,,JR East,JR東日本,,,"[""Shinkansen E7"", ""Shinkansen E7 on Tōhoku Shinkansen"", ""Shinkansen E7 at Tokyo Station""]","['Shinkansen E7', 'Shinkansen E7 on Tōhoku Shinkansen', 'Shinkansen E7 at Tokyo Station']"
E7,,JR East,JR東日本,,,"[""Shinkansen E7"", ""Shinkansen E7 on Tōhoku Shinkansen"", ""Shinkansen E7 at Ueno Station""]","['Shinkansen E7', 'Shinkansen E7 on Tōhoku Shinkansen', 'Shinkansen E7 at Ueno Station']"
E7,,JR East,JR東日本,,,"[""Shinkansen E7"", ""Shinkansen E7 on Tōhoku Shinkansen"", ""Shinkansen E7 at Ōmiya Station (Saitama)""]","['Shinkansen E7', 'Shinkansen E7 on Tōhoku Shinkansen', 'Shinkansen E7 at Ōmiya Station (Saitama)']"
E7,,JR East,JR東日本,,,"[""Shinkansen E7"", ""Shinkansen E7 on Tōhoku Shinkansen""]","['Shinkansen E7', 'Shinkansen E7 on Tōhoku Shinkansen']"
,,,,,,"[""Shinkansen E7""]",['Shinkansen E7']
